cgpa,backlogs,projects,internships,skills,placed
7.5,0,2,2,4,1
6.16,0,0,2,5,1
7.95,1,1,1,3,1
8.14,0,3,1,3,1
5.25,3,2,2,5,0
5.9,1,5,2,5,1
7.33,0,2,0,6,1
6.88,1,5,2,2,1
7.18,0,3,0,3,1
6.35,1,0,1,2,0
8.08,0,1,1,4,1
7.98,2,4,1,1,1
7.27,2,3,0,3,1
8.33,0,1,2,1,1
7.67,0,3,0,4,1
6.34,0,5,0,6,0
7.57,1,2,2,7,1
6.24,0,0,2,3,1
8.08,0,1,0,0,0
7.15,0,5,2,1,1
7.02,1,4,2,0,1
6.52,0,5,0,6,1
8.42,0,5,1,7,1
7.05,0,0,1,4,1
6.77,1,1,0,1,0
6.85,0,0,0,0,0
7.73,0,0,0,7,1
7.57,2,5,0,2,1
7.61,2,5,1,0,1
7.63,0,0,1,1,1
9.34,1,4,0,2,1
6.79,1,3,0,5,1
6.69,2,0,0,7,0
6.39,2,5,2,2,1
7.82,0,5,0,5,1
8.33,1,3,2,0,1
7.09,0,4,1,0,1
6.36,0,2,2,0,1
6.38,2,4,1,7,1
7.85,0,2,0,4,1
7.94,0,5,1,6,1
7.74,0,0,0,0,0
6.53,1,1,0,0,0
7.43,0,5,0,6,1
7.32,1,1,0,0,0
7.42,0,1,0,1,1
8.07,1,4,0,4,1
7.42,2,1,2,4,1
7.88,2,3,1,1,1
7.27,3,1,1,3,0
7.49,1,1,2,5,1
7.83,1,5,0,3,1
5.74,2,1,1,3,0
6.88,2,0,2,0,0
6.73,0,4,1,3,1
6.56,0,5,1,6,1
6.92,1,0,0,5,1
8.69,1,4,0,7,1
6.33,1,3,0,1,0
8.17,1,4,0,0,1
5.52,1,0,2,4,0
6.87,2,5,1,1,0
7.36,0,3,1,4,1
7.79,0,5,2,7,1
7.91,0,2,0,2,1
7.99,1,5,0,4,1
6.85,2,3,1,5,1
6.74,1,0,2,1,0
8.06,0,5,1,7,1
7.01,2,4,2,1,0
5.92,1,1,0,6,0
6.07,0,3,2,5,1
6.28,0,2,0,1,0
7.7,2,3,0,5,1
7.34,1,5,1,1,1
7.89,1,5,0,4,1
6.77,1,1,2,7,1
7.36,0,5,2,7,1
7.83,1,2,1,6,1
6.89,0,4,0,3,1
7.66,0,4,0,4,1
6.54,3,2,1,2,0
6.84,0,2,1,7,1
6.82,0,2,2,3,1
6.0,2,5,1,6,0
7.69,1,2,0,2,0
6.73,1,1,0,5,0
7.21,0,2,2,1,1
7.68,0,1,0,5,1
7.65,0,2,2,0,1
7.87,0,0,0,0,0
7.1,0,0,2,2,1
6.78,0,4,2,3,1
7.12,1,0,1,5,1
5.51,0,3,0,2,0
5.75,2,4,2,0,0
5.88,0,4,0,2,0
6.2,1,2,1,3,1
7.6,0,1,2,4,1
6.29,1,5,2,5,0
6.82,1,5,0,1,0
8.5,1,3,2,4,1
6.84,0,0,0,5,1
7.94,0,0,2,6,1
6.27,0,1,1,4,0
6.99,1,0,0,6,1
6.25,1,5,1,1,1
6.86,1,1,0,5,1
8.04,0,1,2,0,1
5.47,3,5,0,0,0
7.63,1,4,0,6,1
7.44,1,1,1,3,1
6.61,2,2,2,4,0
5.75,0,3,1,4,1
7.27,0,3,1,5,1
6.67,1,5,1,1,1
7.43,0,5,2,1,1
7.22,0,5,1,0,1
8.8,0,0,2,6,1
6.96,0,1,2,1,1
6.18,1,3,2,4,1
7.38,0,0,2,3,1
7.42,0,2,2,1,1
8.56,0,0,0,3,1
8.04,0,5,2,0,1
7.56,1,0,2,1,1
8.66,0,0,0,1,1
6.01,0,1,2,6,1
6.56,0,0,0,4,1
6.27,0,3,1,7,1
6.81,0,2,2,3,1
5.82,1,5,0,1,0
7.84,1,1,1,4,1
6.98,0,3,2,7,1
5.73,0,3,1,4,1
6.18,2,3,2,0,0
7.51,0,4,0,2,0
8.04,0,1,2,7,1
9.2,0,3,2,4,1
10.0,1,4,2,7,1
7.61,0,5,0,4,1
6.21,1,3,2,0,0
5.07,0,3,1,6,1
7.47,1,5,1,6,1
6.39,0,3,1,5,1
6.78,0,5,1,7,1
6.59,1,0,1,1,0
7.06,0,2,1,7,1
8.27,0,0,0,1,0
7.36,0,0,2,7,1
7.04,1,2,0,1,1
6.16,1,1,0,4,0
5.53,1,2,1,6,0
6.71,2,2,1,0,0
7.15,2,3,1,0,0
8.97,1,5,2,6,1
7.33,2,5,0,0,0
8.18,1,2,0,4,1
6.7,1,1,1,7,0
6.02,0,4,2,4,1
6.23,0,0,1,3,1
6.47,0,3,1,3,1
9.33,0,2,1,5,1
6.38,0,1,2,4,0
8.04,0,3,1,4,1
6.3,0,1,2,1,1
8.13,0,1,2,5,1
7.58,2,3,0,5,0
7.04,0,1,0,5,1
7.16,2,4,2,0,1
6.55,0,0,0,5,0
7.65,1,2,1,5,1
6.75,2,4,0,1,0
5.97,0,1,1,6,1
5.92,2,4,0,4,0
7.37,2,4,1,3,1
8.78,1,5,2,5,1
7.36,0,1,2,4,0
7.08,1,4,2,4,1
7.49,2,5,0,2,1
8.51,1,4,1,7,1
7.42,1,1,0,7,1
6.79,1,4,2,1,1
8.31,0,0,2,5,1
7.63,1,3,0,0,0
8.74,1,2,1,2,0
7.38,1,3,1,7,1
5.98,1,3,1,1,0
5.83,1,0,1,3,0
8.85,0,3,0,1,1
8.92,0,5,1,5,1
7.02,1,2,1,3,1
6.82,1,1,2,4,0
8.66,1,5,2,7,1
6.09,0,0,2,4,1
6.31,2,2,0,5,0
7.84,0,3,2,0,1
6.81,2,2,1,1,1
7.19,1,5,1,7,1
7.04,2,2,2,6,1
7.54,0,5,2,5,1
8.61,3,0,0,3,0
7.29,0,4,1,1,1
7.84,1,3,2,6,1
5.15,1,1,1,6,1
7.15,2,1,0,1,0
6.36,0,4,1,4,0
5.98,1,3,2,4,1
6.32,0,3,0,3,1
6.87,2,0,2,7,1
8.12,0,3,2,0,1
5.87,0,5,2,2,1
7.23,0,0,0,0,1
6.72,0,2,0,5,1
6.87,0,2,1,5,1
8.2,1,5,1,7,1
7.74,1,1,1,4,1
8.54,0,2,2,1,1
7.05,2,4,2,3,0
6.5,0,0,0,0,0
6.98,0,4,2,5,1
7.44,1,4,0,5,1
7.38,0,4,1,6,1
6.12,0,3,0,2,1
7.29,0,4,1,2,1
7.43,2,4,2,0,1
9.72,0,5,1,3,1
9.08,0,2,2,3,1
6.35,0,2,0,6,1
6.91,6,3,1,6,0
5.74,0,1,1,1,0
6.61,0,5,2,2,1
7.52,1,4,2,4,1
8.41,2,3,1,2,1
6.47,0,1,0,0,0
6.55,0,2,1,6,1
5.05,0,2,0,5,0
7.04,2,3,1,4,1
6.14,0,4,0,2,1
6.67,0,4,1,6,1
6.32,0,5,0,0,1
7.11,2,5,0,3,0
5.44,1,4,0,6,1
5.73,1,2,2,7,0
9.33,0,3,2,2,1
5.91,1,2,2,5,1
6.1,0,3,0,1,1
9.04,0,4,1,0,1
10.0,0,2,2,2,1
6.03,3,3,1,7,0
6.83,1,0,0,5,0
7.54,0,4,0,3,1
8.93,0,2,0,2,1
6.21,3,2,2,1,1
6.95,0,3,0,2,1
7.98,1,1,2,1,1
7.63,0,3,2,1,1
6.82,0,4,2,5,1
7.07,0,2,2,1,1
5.83,1,0,0,0,0
6.96,1,2,2,4,1
6.93,1,1,0,2,0
7.43,0,2,0,3,1
6.64,0,3,0,1,0
7.67,0,0,0,1,0
8.21,1,4,0,3,1
7.36,1,1,0,5,1
7.55,0,5,0,3,1
7.25,1,4,1,4,1
7.2,3,1,0,4,0
6.48,0,3,0,2,1
7.52,1,0,2,2,0
7.1,0,0,0,3,0
9.29,0,5,0,0,1
8.77,1,4,0,5,1
7.59,2,0,0,4,1
6.44,1,1,1,2,1
6.09,1,1,2,2,1
8.39,1,2,2,2,1
7.46,0,1,1,5,1
7.68,0,1,0,6,1
5.46,0,3,2,0,1
8.13,0,1,0,3,1
7.65,1,5,1,0,1
6.09,1,4,1,3,0
6.73,1,4,2,1,0
7.46,1,1,0,2,1
7.25,0,4,1,3,1
6.91,1,5,1,2,1
7.1,0,1,1,3,1
6.95,2,4,2,6,1
7.35,0,2,2,6,1
8.67,3,4,1,0,0
4.63,1,2,1,3,0
6.96,1,4,2,6,1
7.38,1,0,1,4,1
7.5,1,2,0,1,0
6.83,1,1,1,4,0
5.44,0,1,0,1,0
7.53,1,1,0,0,0
8.93,0,2,1,5,1
5.67,0,0,2,4,1
8.06,0,4,2,6,1
6.87,0,3,0,2,0
7.14,1,4,1,6,1
6.15,1,4,0,3,1
6.87,0,0,2,5,1
8.5,0,0,0,0,0
7.78,2,2,2,0,1
8.93,1,2,2,6,1
8.38,0,1,2,6,1
7.64,0,4,0,7,1
8.94,0,3,2,2,1
7.64,2,4,2,0,1
8.03,1,0,1,7,1
6.9,2,4,2,4,1
7.27,1,1,2,1,1
6.5,1,2,0,6,0
8.19,1,2,2,7,1
6.02,0,4,2,2,1
7.98,2,1,0,6,0
7.01,2,1,0,6,0
8.37,1,2,2,4,1
7.95,1,2,0,5,1
9.02,0,1,1,2,1
7.93,5,1,2,7,0
5.63,1,1,1,7,0
7.13,0,2,2,7,1
6.03,0,2,0,5,1
6.68,1,2,0,0,0
8.71,0,4,2,2,1
7.84,1,1,1,3,1
6.5,0,5,0,7,1
6.19,2,4,0,4,0
7.23,0,1,1,4,1
5.98,0,1,1,1,0
6.53,2,1,0,6,0
7.51,1,1,1,2,0
8.36,0,2,1,0,1
7.81,1,0,1,7,1
4.91,0,0,0,1,0
7.5,0,2,1,0,1
7.27,3,4,2,0,1
7.61,0,1,0,3,1
8.82,1,5,0,0,1
5.14,2,2,2,6,0
6.61,1,5,1,4,1
7.79,0,1,2,2,1
5.62,1,3,1,0,0
8.68,1,4,2,3,1
7.57,3,0,1,1,0
8.05,2,5,0,7,1
6.63,0,2,2,2,1
8.01,0,2,1,3,1
8.27,0,3,0,0,1
7.43,1,3,1,1,1
7.43,3,0,1,1,0
7.47,0,5,0,0,1
6.34,2,3,2,5,1
7.05,1,5,0,7,1
7.05,1,2,0,7,1
7.58,0,3,1,2,1
8.2,1,2,2,6,1
6.14,0,5,2,4,1
7.07,0,4,2,0,1
8.68,0,5,0,0,1
6.46,1,3,2,4,1
6.38,2,4,2,3,0
7.4,0,2,1,0,1
8.04,2,2,1,7,1
7.21,1,4,0,5,1
8.53,0,0,2,4,1
8.06,1,4,2,7,1
8.04,1,0,1,7,1
7.75,1,3,1,7,1
9.53,0,2,1,2,1
6.99,0,2,0,7,0
5.2,0,2,1,4,0
8.8,1,2,2,5,1
6.74,0,2,2,6,1
7.31,0,2,2,1,1
8.51,0,3,1,3,1
5.6,1,4,2,1,0
5.95,1,3,1,2,0
5.6,1,3,1,3,1
6.41,0,5,1,6,1
7.64,3,5,2,6,1
7.72,0,0,2,3,1
7.48,1,4,0,2,1
5.79,1,1,0,4,0
4.89,1,1,1,7,0
7.25,1,4,1,7,1
6.73,0,0,2,1,1
7.66,1,5,1,1,0
7.9,0,4,1,5,1
7.34,0,5,2,2,1
7.96,2,4,1,1,1
7.43,0,5,1,0,1
7.73,0,0,1,3,1
6.5,1,5,1,3,1
7.02,1,0,2,4,1
7.4,0,1,2,1,1
8.02,0,0,1,5,1
6.81,0,2,1,5,1
7.72,2,4,1,3,1
6.93,1,1,0,1,1
7.08,0,4,1,4,1
8.03,1,3,0,5,1
5.21,0,3,0,2,0
5.9,1,5,0,2,1
5.72,1,2,1,4,0
4.87,0,2,0,2,0
6.52,0,5,1,3,1
7.95,0,3,1,2,1
6.92,0,3,1,2,0
7.4,0,1,2,5,1
8.29,1,1,1,3,1
8.53,0,1,2,3,1
7.13,0,1,2,5,1
8.55,0,1,0,2,1
7.29,0,4,0,0,1
6.36,1,0,1,6,1
6.61,2,3,2,0,1
5.72,0,5,0,4,1
6.31,0,4,0,2,1
6.84,1,2,2,1,1
8.0,3,0,2,0,0
8.92,1,5,0,7,1
5.82,0,0,1,3,1
7.59,0,4,1,2,1
6.16,2,4,0,5,1
7.67,0,1,0,0,1
7.07,1,4,1,4,1
5.37,0,1,1,3,0
8.13,1,1,0,4,1
6.59,0,4,1,0,1
6.67,1,5,0,7,0
6.13,0,1,2,1,0
6.55,0,5,0,5,1
7.63,0,5,0,5,1
7.01,2,4,0,2,0
7.53,0,0,2,1,1
7.56,0,1,2,2,1
8.52,3,4,1,6,1
6.86,0,5,0,7,1
5.72,0,4,2,7,1
8.27,1,2,1,1,1
6.87,1,1,2,4,1
8.31,0,5,1,1,1
7.58,0,1,2,5,1
7.07,0,2,2,3,1
7.55,0,5,0,5,1
9.15,0,3,2,5,1
9.28,1,1,0,7,1
7.27,0,0,1,3,0
7.36,1,2,0,2,1
8.28,0,5,2,4,1
6.35,2,2,0,1,0
7.53,1,4,1,0,1
7.17,1,1,1,4,1
7.51,2,4,2,6,1
6.37,0,4,2,4,1
5.61,1,3,0,6,0
5.13,0,4,2,1,0
6.08,2,3,0,3,1
6.74,0,2,1,4,0
6.91,0,4,1,2,1
9.14,1,5,1,0,1
8.31,1,5,2,0,1
6.24,1,1,2,7,1
7.55,0,4,1,4,1
6.79,1,0,2,2,1
6.92,3,3,0,2,0
7.39,0,3,0,0,0
7.82,2,2,1,7,1
6.86,0,5,1,0,1
8.26,1,5,2,6,1
6.06,2,0,2,1,0
7.21,0,1,0,2,1
9.8,0,1,0,2,1
7.42,0,5,2,6,1
8.63,0,3,1,0,1
7.29,2,4,0,2,0
7.78,0,4,2,2,1
7.14,1,4,1,2,1
7.03,1,0,2,1,0
6.42,1,0,2,7,1
7.63,1,2,2,3,1
6.35,1,2,1,3,1
7.87,0,4,2,3,1
8.29,1,0,2,7,1
7.57,0,2,0,2,1
6.91,0,1,0,2,1
7.65,0,1,0,2,0
6.89,0,1,1,2,0
8.14,1,1,1,0,1
5.37,2,3,0,4,0
6.86,2,2,1,0,0
5.21,0,2,0,1,0
5.7,0,2,1,1,0
